{"total_flos":2.1178988244238336e+16,"train_loss":1.0281024012247721,"_timestamp":1.7515504659611573e+09,"_step":750,"_wandb":{"runtime":1206},"train/epoch":30,"train/loss":0.9855,"train/learning_rate":1.6216216216216218e-08,"train_runtime":1207.8813,"train_samples_per_second":24.812,"train/global_step":7500,"_runtime":1206.123220688,"train_steps_per_second":6.209,"train/grad_norm":3.72279953956604}