{"_runtime":55491.362618454,"train_loss":1.216920104520525,"_timestamp":1.7519397318884976e+09,"train_samples_per_second":9.207,"_wandb":{"runtime":55491},"train/global_step":127725,"train/learning_rate":1.386875612144956e-08,"train_steps_per_second":2.302,"train/loss":1.3061,"_step":12772,"train_runtime":55492.3696,"total_flos":1.0727634577339187e+18,"train/grad_norm":1.8249260187149048,"train/epoch":3}