{"batch": 32, "running_accuracy": 0.146, "samples_seen": 500, "_timestamp": 1751823279.0786583, "_runtime": 35.01471138000488, "_step": 500, "final_accuracy": 0.146, "_wandb": {"runtime": 34}}