{"train/learning_rate":1.3113210719209173e-08,"_runtime":5014.736549599,"total_flos":1.5319356623028224e+17,"train/epoch":3,"train/global_step":29841,"train_steps_per_second":5.949,"train_runtime":5016.1357,"train/loss":1.7889,"_timestamp":1.751610436522968e+09,"train_samples_per_second":23.794,"_step":2984,"train/grad_norm":2.026641368865967,"train_loss":1.781580842946267,"_wandb":{"runtime":5015}}