{"_wandb":{"runtime":11},"train/global_step":20,"_timestamp":1.751791133384632e+09,"train/grad_norm":0.8868497014045715,"train/loss":2.766,"train/epoch":0.0050021884574501345,"_runtime":9.950025699,"train/learning_rate":5.7000000000000005e-06,"_step":1}