{"_step":330,"_wandb":{"runtime":1052},"train/epoch":15,"train_steps_per_second":3.132,"train/grad_norm":0.0006085493369027972,"train/global_step":3300,"train_samples_per_second":12.529,"train/loss":0.4642,"train/learning_rate":9.375000000000001e-09,"_timestamp":1.7517930565433426e+09,"_runtime":1052.531944733,"total_flos":3.08562600394752e+15,"train_loss":0.6071197993827588,"train_runtime":1053.5171}