{"train/loss": 1.2144, "train/grad_norm": 2.2357373237609863, "train/learning_rate": 1.1648977478643542e-08, "train/epoch": 3.0, "train/global_step": 38730, "_timestamp": 1752318612.1624973, "_runtime": 9580.184619188309, "_step": 3873, "train_runtime": 9581.6352, "train_samples_per_second": 16.168, "train_steps_per_second": 4.042, "total_flos": 9.571976261874483e+16, "train_loss": 1.2841984062578953, "_wandb": {"runtime": 9579}}