{"_timestamp":1.7515485228395789e+09,"total_flos":6.26475581571072e+14,"_runtime":116.133986371,"train/global_step":680,"train_steps_per_second":5.785,"_step":68,"_wandb":{"runtime":117},"train_runtime":117.54,"train/learning_rate":1.0344827586206897e-07,"train_samples_per_second":22.801,"train_loss":1.1749350645962884,"train/loss":0.7011,"train/grad_norm":0.1095988005399704,"train/epoch":20}