{"train_loss":1.100897502875322,"train/grad_norm":2.209315299987793,"train/epoch":5,"_timestamp":1.7518045186087594e+09,"train/learning_rate":1.8094998743402867e-08,"train_samples_per_second":12.86,"_step":1999,"train/loss":1.122,"train_steps_per_second":3.216,"_runtime":6217.256398165,"train_runtime":6218.2626,"train/global_step":19995,"_wandb":{"runtime":6217},"total_flos":5.258935107951002e+16}