{"train/loss":1.0169,"total_flos":6.991981596114944e+15,"train_loss":1.1065416690332581,"train/grad_norm":1.789886236190796,"train/global_step":2665,"train/learning_rate":7.017543859649123e-08,"train_runtime":860.7619,"train_steps_per_second":3.096,"_timestamp":1.7517866052650816e+09,"_step":266,"_wandb":{"runtime":1163},"_runtime":1163.286342832,"train_samples_per_second":12.379,"train/epoch":5}