{"_wandb":{"runtime":13603},"_timestamp":1.751642647261142e+09,"train/loss":1.0086,"train_samples_per_second":7.341,"train_steps_per_second":1.835,"train_loss":1.1239506831763624,"train/grad_norm":3.047919273376465,"train/learning_rate":2.2920101330974308e-08,"train/epoch":3,"train/global_step":24969,"train_runtime":13604.6441,"total_flos":5.905621546591846e+16,"_runtime":13602.787878192,"_step":2496}