{"step": 600, "running_accuracy": 0.13, "prediction": 8.0, "label": 11.0, "flag_correct": false, "_timestamp": 1751994993.4297805, "_runtime": 35452.539499521255, "_step": 600, "final_accuracy": 0.13, "_wandb": {"runtime": 35452}}