{"step": 254, "running_accuracy": 0.3228346456692913, "prediction": "", "label": "B", "flag_correct": false, "_timestamp": 1752223973.0203905, "_runtime": 10545.323691606522, "_step": 254, "final_accuracy": 0.3228346456692913, "_wandb": {"runtime": 10544}}