{"step": 508, "running_accuracy": 0.20275590551181102, "prediction": 8.0, "label": 8.0, "flag_correct": true, "_timestamp": 1751817723.3903084, "_runtime": 3316.995314359665, "_step": 508, "final_accuracy": 0.20275590551181102, "_wandb": {"runtime": 3316}}