{"step": 45, "running_accuracy": 0.4, "prediction": 11.0, "label": 341.0, "flag_correct": false, "_timestamp": 1751959513.4942176, "_runtime": 2392.4240715503693, "_step": 45, "_wandb": {"runtime": 2443}}