{"train/loss": 0.5508, "train/grad_norm": 1.806599497795105, "train/learning_rate": 1.125703564727955e-08, "train/epoch": 3.0, "train/global_step": 37410, "_timestamp": 1752318277.9534671, "_runtime": 9306.360788106918, "_step": 3741, "train_runtime": 9307.8046, "train_samples_per_second": 16.077, "train_steps_per_second": 4.019, "total_flos": 2.1005019732823245e+17, "train_loss": 0.6372894563065656, "_wandb": {"runtime": 9305}}