{"step": 50, "running_accuracy": 0.1, "prediction": 20.0, "label": 8.0, "flag_correct": false, "_timestamp": 1751959162.7276702, "_runtime": 2540.1226422786713, "_step": 50, "_wandb": {"runtime": 2575}}