{"step": 37, "running_accuracy": 0.2972972972972973, "prediction": 56.0, "label": 20.0, "flag_correct": false, "_timestamp": 1751959940.0782204, "_runtime": 2471.737289428711, "_step": 37, "_wandb": {"runtime": 2540}}