{"step": 38, "running_accuracy": 0.05263157894736842, "prediction": 11.0, "label": 28.0, "flag_correct": false, "_timestamp": 1751959473.3884006, "_runtime": 2507.36571764946, "_step": 38, "_wandb": {"runtime": 2535}}