{"train_samples_per_second":23.664,"train/epoch":3,"train_runtime":34490.8914,"total_flos":3.033437068786139e+18,"_runtime":34489.789953956,"train/learning_rate":1.59098051539912e-07,"train_steps_per_second":1.479,"_step":5101,"train_loss":1.0302923473481393,"_wandb":{"runtime":34490},"train/global_step":51012,"_timestamp":1.7521864953985975e+09,"train/loss":1.0161,"train/grad_norm":0.37005120515823364}