{"batch": 205, "running_accuracy": 0.14954128440366973, "samples_seen": 3270, "_timestamp": 1751823122.1110966, "_runtime": 164.24421858787537, "_step": 3270, "final_accuracy": 0.14954128440366973, "_wandb": {"runtime": 163}}