{"train_steps_per_second":1.68,"train/loss":0.7979,"train/global_step":10353,"train_samples_per_second":6.718,"_timestamp":1.7518735100112047e+09,"_wandb":{"runtime":6162},"train/learning_rate":1.755583731590754e-08,"train/epoch":3,"train_loss":0.8321133133387043,"train_runtime":6163.104,"train/grad_norm":1.7335094213485718,"total_flos":1.4138020118449357e+17,"_step":1035,"_runtime":6162.152513333}