{"_step":14,"_wandb":{"runtime":31},"train/learning_rate":2.998845645116037e-05,"train/epoch":0.018023430459597478,"train/global_step":150,"_runtime":30.323716914,"train/loss":1.5633,"train/grad_norm":2.520939350128174,"_timestamp":1.751609629436521e+09}