{"train/epoch":3,"train/global_step":37410,"train_runtime":17941.8868,"train_samples_per_second":8.34,"_runtime":17940.912750424,"train/loss":0.5722,"train/grad_norm":2.007154941558838,"_step":3741,"train_loss":0.5698961724192342,"train/learning_rate":1.2061109622085232e-08,"_timestamp":1.7518854649589002e+09,"train_steps_per_second":2.085,"total_flos":6.083792809880453e+17,"_wandb":{"runtime":17941}}