{"_step":29841,"_wandb":{"runtime":46649},"train/epoch":30,"_runtime":46649.31249217,"train_runtime":46651.7643,"train_samples_per_second":25.584,"total_flos":1.531775067661271e+18,"train_loss":1.6915108828085852,"train/learning_rate":1.1364017297442257e-08,"train/global_step":298410,"train/loss":1.5589,"train/grad_norm":3.260690212249756,"train_steps_per_second":6.397,"_timestamp":1.7515991132343626e+09}