{"train_loss":1.3336934360803343,"_wandb":{"runtime":95},"train/global_step":510,"_runtime":95.37508951,"total_flos":4.69856686178304e+14,"train/epoch":15,"train/loss":0.7088,"train_runtime":97.8007,"train/grad_norm":0.05063626542687416,"_step":51,"train_samples_per_second":20.552,"train_steps_per_second":5.215,"train/learning_rate":1.4634146341463415e-07,"_timestamp":1.7516092083858366e+09}