{"train/grad_norm":0.020853698253631592,"train/learning_rate":1.3284132841328412e-07,"train_steps_per_second":5.332,"_wandb":{"runtime":271},"train/epoch":15,"train/global_step":1455,"train_runtime":272.9004,"train_samples_per_second":21.326,"total_flos":1.360480556285952e+15,"train/loss":0.4645,"_timestamp":1.7516090692142715e+09,"train_loss":0.810608245744738,"_runtime":270.319839157,"_step":145}