{"train/epoch":15,"train_samples_per_second":23.254,"train_steps_per_second":5.835,"_step":103,"train/loss":0.6598,"train/grad_norm":0.09179072082042694,"train/global_step":1035,"_runtime":175.951027174,"total_flos":9.67764519419904e+14,"_wandb":{"runtime":176},"train_loss":0.9884300243451399,"train/learning_rate":1.9251336898395724e-07,"_timestamp":1.7515439240803995e+09,"train_runtime":177.3914}