{"_wandb":{"runtime":190},"train/loss":1.0434,"train/grad_norm":2.265740156173706,"train/learning_rate":2.9829060913705586e-05,"train/global_step":550,"_timestamp":1.7518068092877545e+09,"train/epoch":0.03485535029627048,"_runtime":189.099247654,"_step":54}