{"batch": 628, "running_accuracy": 0.01314479187412866, "samples_seen": 10042, "_timestamp": 1752039142.2628632, "_runtime": 2942.428729057312, "_step": 10042, "final_accuracy": 0.01314479187412866, "_wandb": {"runtime": 2942}}