{"_step":975,"train/loss":1.0583,"train/grad_norm":2.5380289554595947,"train/epoch":0.15105436254594698,"_wandb":{"runtime":2327},"train/global_step":9760,"train/learning_rate":2.850510222515859e-05,"_timestamp":1.7519601304966276e+09,"_runtime":2326.47123444}