{"train/epoch":0.010814058275758487,"_runtime":18.939531635,"train/grad_norm":2.4691412448883057,"_step":8,"_wandb":{"runtime":19},"_timestamp":1.751609723277268e+09,"train/learning_rate":2.6700000000000002e-05,"train/global_step":90,"train/loss":2.8571}