{"batch": 123, "running_accuracy": 0.12231320368474924, "samples_seen": 1954, "_timestamp": 1752237163.3720644, "_runtime": 3272.7035772800446, "_step": 1954, "final_accuracy": 0.12231320368474924, "_wandb": {"runtime": 3272}}