{"step": 1319, "running_accuracy": 0.6588324488248674, "prediction": 30.0, "label": 30.0, "flag_correct": true, "_timestamp": 1752238005.7286906, "_runtime": 25141.460725545883, "_step": 1319, "final_accuracy": 0.6588324488248674, "_wandb": {"runtime": 25140}}