{"_runtime":864.741769812,"train_runtime":866.1748,"_step":552,"train_samples_per_second":25.399,"train_steps_per_second":6.373,"train/global_step":5520,"train/learning_rate":5.535055350553505e-09,"train/epoch":80,"train/loss":0.4641,"total_flos":5.161410770239488e+15,"train_loss":0.5507649598778158,"_wandb":{"runtime":865},"_timestamp":1.751542554836027e+09,"train/grad_norm":0.00039365157135762274}