{"train/grad_norm":1.7340834140777588,"_timestamp":1.7518063973024886e+09,"train/loss":3.569,"train/learning_rate":1.47e-05,"train/epoch":0.0031686682087518616,"_step":4,"_wandb":{"runtime":20},"_runtime":18.161867299,"train/global_step":50}