{"step": 395, "running_accuracy": 0.22025316455696203, "prediction": 0.5, "label": 0.125, "flag_correct": false, "_timestamp": 1751985487.5427527, "_runtime": 26021.027382850647, "_step": 395, "final_accuracy": 0.22025316455696203, "_wandb": {"runtime": 26020}}