{"step": 44, "running_accuracy": 0.25, "prediction": 574.0, "label": 574.0, "flag_correct": true, "_timestamp": 1751959368.0144396, "_runtime": 2609.2680406570435, "_step": 44, "_wandb": {"runtime": 2663}}