{"batch": 32, "running_accuracy": 0.07, "samples_seen": 500, "_timestamp": 1752237955.7353125, "_runtime": 819.3640315532684, "_step": 500, "final_accuracy": 0.07, "_wandb": {"runtime": 818}}