{"train_loss":0.8682467454075045,"train/loss":0.7996,"_timestamp":1.7517016335002184e+09,"_runtime":3742.147147434,"train/learning_rate":2.8608582574772435e-08,"_step":1163,"train/epoch":5,"train_steps_per_second":3.108,"_wandb":{"runtime":3742},"train_samples_per_second":12.432,"total_flos":1.744290297413632e+16,"train/grad_norm":2.398037910461426,"train/global_step":11635,"train_runtime":3743.0842}