{"_step":5,"_wandb":{"runtime":34},"train/global_step":60,"train/learning_rate":1.77e-05,"train/grad_norm":0.744179368019104,"train/loss":2.3333,"train/epoch":0.004647650031952594,"_runtime":30.763611082,"_timestamp":1.7518172987674644e+09}