{"train/loss":1.0552,"train/epoch":0.059570962324535,"_runtime":6135.333267135,"train/learning_rate":2.9893617920541e-05,"train/grad_norm":2.2918684482574463,"_timestamp":1.7517983299461417e+09,"_step":93,"_wandb":{"runtime":6136},"train/global_step":940}