{"_step":3648,"train/learning_rate":2.4367731845420903e-05,"train/loss":1.0469,"_wandb":{"runtime":21256},"train/epoch":0.5647514025923777,"_timestamp":1.7519880491893234e+09,"train/global_step":36490,"_runtime":21250.589083018,"train/grad_norm":1.7169240713119507}