{"train/epoch":15,"_timestamp":1.751542918900347e+09,"train_samples_per_second":25.021,"train/grad_norm":0.07395099848508835,"train/loss":0.6669,"train_runtime":164.8601,"train/learning_rate":1.9251336898395724e-07,"train/global_step":1035,"_step":103,"_wandb":{"runtime":164},"train_steps_per_second":6.278,"_runtime":163.435274216,"total_flos":9.67764519419904e+14,"train_loss":0.9996966772033397}