{"_step":22,"train/global_step":225,"total_flos":2.435348479082496e+15,"train_steps_per_second":1.916,"train/grad_norm":0.001801288453862071,"_wandb":{"runtime":116},"train/learning_rate":1.44e-05,"train_samples_per_second":30.624,"_timestamp":1.7521501368365078e+09,"_runtime":116.445050983,"train_loss":1.044002921846178,"train/loss":0.4883,"train/epoch":3,"train_runtime":117.4583}