{"train_loss":1.0452384765625,"train/learning_rate":1.4634146341463415e-08,"_wandb":{"runtime":1015},"_runtime":1014.753384391,"train_samples_per_second":24.578,"train_steps_per_second":6.151,"_step":625,"train/epoch":25,"_timestamp":1.7515499759323545e+09,"train/global_step":6250,"train/loss":0.9374,"train/grad_norm":2.5680034160614014,"train_runtime":1016.1459,"total_flos":1.7654502159024128e+16}